{
  "0.50_0.50": {
    "poisson": 6.8709804818936686e-09,
    "dixon": 6.8709804818936686e-09
  },
  "0.50_1.00": {
    "poisson": 1.1286380843502447e-06,
    "dixon": 1.1286380843502445e-06
  },
  "0.50_2.00": {
    "poisson": 0.00023745076293566085,
    "dixon": 0.0002374507629356609
  },
  "0.50_3.00": {
    "poisson": 0.003802995484101063,
    "dixon": 0.003802995484101063
  },
  "0.50_5.00": {
    "poisson": 0.06809363792339954,
    "dixon": 0.06809363792339954
  },
  "1.00_0.50": {
    "poisson": 1.128638084350244e-06,
    "dixon": 1.128638084350244e-06
  },
  "1.00_1.00": {
    "poisson": 2.2504039298571514e-06,
    "dixon": 2.250403929857151e-06
  },
  "1.00_2.00": {
    "poisson": 0.00023857226368278033,
    "dixon": 0.00023857226368278033
  },
  "1.00_3.00": {
    "poisson": 0.0038041129851373798,
    "dixon": 0.0038041129851373798
  },
  "1.00_5.00": {
    "poisson": 0.06809468330530756,
    "dixon": 0.06809468330530756
  },
  "2.00_0.50": {
    "poisson": 0.0002374507629356609,
    "dixon": 0.00023745076293566085
  },
  "2.00_1.00": {
    "poisson": 0.00023857226368278033,
    "dixon": 0.00023857226368278038
  },
  "2.00_2.00": {
    "poisson": 0.00047483827528862566,
    "dixon": 0.00047483827528862566
  },
  "2.00_3.00": {
    "poisson": 0.0040395363796326775,
    "dixon": 0.004039536379632678
  },
  "2.00_5.00": {
    "poisson": 0.0683149133984692,
    "dixon": 0.0683149133984692
  },
  "3.00_0.50": {
    "poisson": 0.0038029954841010635,
    "dixon": 0.0038029954841010635
  },
  "3.00_1.00": {
    "poisson": 0.0038041129851373793,
    "dixon": 0.0038041129851373793
  },
  "3.00_2.00": {
    "poisson": 0.0040395363796326775,
    "dixon": 0.0040395363796326775
  },
  "3.00_3.00": {
    "poisson": 0.007591521374730748,
    "dixon": 0.007591521374730748
  },
  "3.00_5.00": {
    "poisson": 0.07163766723122246,
    "dixon": 0.07163766723122245
  },
  "5.00_0.50": {
    "poisson": 0.06809363792339954,
    "dixon": 0.06809363792339954
  },
  "5.00_1.00": {
    "poisson": 0.06809468330530759,
    "dixon": 0.06809468330530759
  },
  "5.00_2.00": {
    "poisson": 0.06831491339846918,
    "dixon": 0.06831491339846918
  },
  "5.00_3.00": {
    "poisson": 0.07163766723122242,
    "dixon": 0.07163766723122245
  },
  "5.00_5.00": {
    "poisson": 0.13155052635405667,
    "dixon": 0.13155052635405667
  }
}