config,brier_home_win,brier_draw,brier_away_win,brier_1x2_avg,logloss_1x2,brier_ou25,logloss_ou25,brier_btts,logloss_btts,mae_goals,ece_ou25,ece_btts
baseline,0.2537380737182875,0.1891955967336038,0.21695181609899308,0.2199618288502948,1.0888879544707508,0.2589623014950135,0.7422814071091858,0.2647642489877441,0.7494439943131249,1.8213715000000001,0.15470362625941209,0.17184296611436434
markov_aware,0.24741402031875828,0.18869094769470343,0.21217492423596818,0.21609329741647665,1.0735328429402633,0.2587898279098401,0.7442712760506935,0.2642830735984311,0.7494474768922251,1.8443349963876603,0.1426479221195977,0.1667729851860592
delta,-0.006324053399529211,-0.0005046490389003788,-0.004776891863024907,-0.0038685314338181565,-0.01535511153048752,-0.00017247358517336053,0.0019898689415077664,-0.0004811753893129711,3.482579100211325e-06,0.022963496387660154,-0.012055704139814383,-0.005069980928305129
