lambda_home_mean,lambda_home_median,lambda_home_std,lambda_home_min,lambda_home_max,lambda_home_p10,lambda_home_p25,lambda_home_p50,lambda_home_p75,lambda_home_p90,lambda_home_p95,lambda_away_mean,lambda_away_median,lambda_away_std,lambda_away_min,lambda_away_max,lambda_away_p10,lambda_away_p25,lambda_away_p50,lambda_away_p75,lambda_away_p90,lambda_away_p95,lambda_total_mean,lambda_total_median,lambda_total_std,lambda_total_min,lambda_total_max,lambda_total_p10,lambda_total_p25,lambda_total_p50,lambda_total_p75,lambda_total_p90,lambda_total_p95,n_matches,n_home_above_threshold,pct_home_above_threshold,n_away_above_threshold,pct_away_above_threshold,n_total_above_threshold,pct_total_above_threshold,lambda_home_in_range,lambda_away_in_range,lambda_total_reasonable
1.5912851168536206,1.3408474436763904,1.1274027627184784,0.20921619738995592,4.0,0.4790622574677326,0.6428890843303914,1.3408474436763904,2.3440321787435994,3.374748281654319,3.9955897212302975,1.2974699140741537,1.0030730418308178,0.9454308467105663,0.1358707629622361,3.727359795536048,0.3961501583369807,0.4970350045050669,1.0030730418308178,1.9570356024623758,2.7684783213732884,3.0599332082800763,2.8887550309277743,2.775569752999907,1.258233791320182,0.9676204261442669,6.151601534198591,1.5413475328946473,1.8451022140712,2.775569752999907,3.7130829331058166,4.436224041250451,5.309657176810008,50,8,16.0,3,6.0,4,8.0,1.0,1.0,1.0
