config,brier_1x2_avg,brier_home,brier_draw,brier_away,logloss_1x2,brier_ou25,logloss_ou25,ece_ou25,brier_btts,logloss_btts,ece_btts,mae_goals,n_matches,delta_brier_1x2_avg,delta_logloss_1x2,delta_brier_ou25,delta_brier_btts,delta_mae_goals
baseline,0.160523,0.17228,0.16771,0.141579,0.824359,0.151415,0.461134,0.054923,0.173371,0.511454,0.090742,1.244577,200,-0.000354,-0.001472,0.002393,7.1e-05,0.021022
markov_aware,0.160169,0.172235,0.167823,0.140449,0.822887,0.153808,0.467087,0.053163,0.173442,0.511261,0.084255,1.265599,200,-0.000354,-0.001472,0.002393,7.1e-05,0.021022
