fold,train_matches,test_matches,train_transitions,test_transitions,markov_goal_brier,markov_goal_logloss,markov_concede_brier,markov_concede_logloss,markov_corner_brier,markov_corner_logloss,markov_shot_brier,markov_shot_logloss,baseline_goal_brier,baseline_goal_logloss,baseline_concede_brier,baseline_concede_logloss,baseline_corner_brier,baseline_corner_logloss,baseline_shot_brier,baseline_shot_logloss
2,19,19,328,334,0.14611551723674057,0.46897900831506534,0.15742933192557346,0.49452727590744755,0.2555953946209821,0.7046401672351892,0.24815383972351163,0.6904167052622747,0.14349829267085662,0.46163400474360144,0.1567511258474786,0.4928841325290385,0.25062701044192603,0.6944013487645869,0.24664582680369293,0.6869798184510935
3,38,19,662,322,0.14607019762061715,0.46690513959966634,0.1509449317588324,0.48006360908078455,0.24995487658119844,0.692849008289989,0.22375356335586205,0.6388851021988069,0.14569767414340445,0.46689327271639997,0.1478394307605337,0.4721045909980812,0.24998017870328879,0.6931075485651244,0.2301621503224602,0.6529759798975974
4,57,19,984,351,0.13897719759368354,0.4487496910482622,0.14339863293562402,0.45700566981994645,0.24623466895935153,0.6853104354591699,0.23391126422918096,0.6616304733285056,0.1398768627887036,0.4529879756717651,0.14735532383414088,0.4708922007214537,0.24953720949590097,0.692221505967576,0.24115031076178822,0.6754162681412842
5,76,19,1335,346,0.12666456995750333,0.42473581610110567,0.14073531514343804,0.4582218849183951,0.24047631992030005,0.6716651341845308,0.24321213640107453,0.6811138504725891,0.12253341790239052,0.4114653490845874,0.13624916316339164,0.4447577789729513,0.24894813308908303,0.6910429101345593,0.25319851592809856,0.6999528696532551
